name,email,phone
Andros Danson,adanson0@cmu.edu,+255 (370) 773-7328
Mariele Corwin,mcorwin1@vinaora.com,+86 (824) 898-2507
Garwood Naismith,gnaismith2@bravesites.com,+61 (515) 367-6320
Rosabel Klimkovich,rklimkovich3@statcounter.com,+66 (363) 135-4681
Armand Adacot,aadacot4@paypal.com,+352 (557) 160-1397
Maggy Rispine,mrispine5@myspace.com,+55 (406) 715-7895
Sondra Krop,skrop6@alibaba.com,+84 (407) 995-1088
Nanci Maris,nmaris7@google.com.au,+62 (865) 917-9478
Melvin Antonacci,mantonacci8@usnews.com,+224 (410) 323-5988
Annmaria Glendenning,aglendenning9@seesaa.net,+86 (824) 519-7851
Karlie Durrand,kdurranda@51.la,+45 (313) 321-6586
Kayla Coultar,kcoultarb@nbcnews.com,+86 (286) 467-8863
Jen Buck,jbuckc@naver.com,+351 (672) 384-8544
Tish Strickett,tstrickettd@statcounter.com,+53 (605) 510-1046
Eberto MacAirt,emacairte@ed.gov,+62 (497) 334-4487
Ambrosius Brackstone,abrackstonef@joomla.org,+62 (432) 251-9438
Leigh Nazer,lnazerg@mac.com,+62 (577) 527-7066
Werner Maharg,wmahargh@army.mil,+7 (752) 199-8334
Elizabet Duinkerk,eduinkerki@shutterfly.com,+86 (420) 273-0416
Ebba McVittie,emcvittiej@ft.com,+7 (768) 552-3604
Darline Wiltshire,dwiltshirek@webnode.com,+86 (290) 619-8223
Faydra Wloch,fwlochl@artisteer.com,+86 (317) 592-2727
Allin Baskeyfied,abaskeyfiedm@rakuten.co.jp,+86 (722) 965-9250
Scarlet Nerheny,snerhenyn@businessinsider.com,+1 (404) 642-2309
Dulcie Chaston,dchastono@yelp.com,+7 (454) 955-3997
Dyane Gregolotti,dgregolottip@netvibes.com,+387 (405) 936-1145
Sophey Christophe,schristopheq@51.la,+98 (291) 210-6423
Madelene Chiswell,mchiswellr@blogtalkradio.com,+49 (646) 102-7007
Micky Lenox,mlenoxs@diigo.com,+86 (385) 950-2336
Dynah Blaszczak,dblaszczakt@xinhuanet.com,+380 (424) 817-1239
Krista Eckert,keckertu@newsvine.com,+86 (448) 470-7483
Nelli Bowart,nbowartv@narod.ru,+62 (179) 278-4161
Jourdain Haylock,jhaylockw@edublogs.org,+33 (686) 387-5797
Hannie Lanfare,hlanfarex@eepurl.com,+84 (261) 257-7537
Abrahan Halley,ahalleyy@dmoz.org,+7 (283) 223-9957
Ruthie Millward,rmillwardz@irs.gov,+81 (715) 367-1615
Edee Rennebach,erennebach10@blogtalkradio.com,+86 (278) 585-3754
Letizia Grzeszczyk,lgrzeszczyk11@ucla.edu,+967 (996) 641-2331
Bart Dulake,bdulake12@fda.gov,+62 (623) 330-0868
Trudy Vaszoly,tvaszoly13@spotify.com,+49 (145) 285-6865
Shurlocke Merali,smerali14@amazonaws.com,+7 (851) 263-3397
Cointon Hodge,chodge15@blinklist.com,+33 (614) 501-2206
Jacinda Asling,jasling16@cdbaby.com,+62 (377) 714-3951
Lemar Valeri,lvaleri17@google.com.au,+351 (762) 308-6128
Leann Exelby,lexelby18@patch.com,+86 (929) 114-5261
Annaliese McGillicuddy,amcgillicuddy19@tuttocitta.it,+66 (403) 855-2994
Tiffi Geldert,tgeldert1a@surveymonkey.com,+86 (533) 339-7350
Susanna Mosedall,smosedall1b@samsung.com,+351 (115) 244-9855
Marena Nisco,mnisco1c@blogger.com,+55 (488) 776-6799
Karylin Jenkerson,kjenkerson1d@goodreads.com,+86 (114) 236-6024
Dame Ferrero,dferrero1e@washingtonpost.com,+63 (960) 184-1296
Colet Attenborrow,cattenborrow1f@upenn.edu,+7 (498) 642-8492
Deina Kingwell,dkingwell1g@uiuc.edu,+373 (113) 587-8874
Bidget Casini,bcasini1h@gizmodo.com,+46 (521) 897-3503
Patrizius Beange,pbeange1i@ed.gov,+63 (869) 737-9202
Beverie Toffetto,btoffetto1j@blogtalkradio.com,+31 (717) 928-6943
Caitlin Alfonsetti,calfonsetti1k@wisc.edu,+55 (270) 860-3527
Christine Boulder,cboulder1l@state.tx.us,+1 (996) 381-6155
Tova Yeoman,tyeoman1m@discuz.net,+62 (647) 449-1031
Lianna Roussel,lroussel1n@buzzfeed.com,+36 (170) 719-4910
Mag Ghirigori,mghirigori1o@dion.ne.jp,+420 (631) 120-3051
Brandise Sylvaine,bsylvaine1p@ifeng.com,+46 (805) 885-5184
Jehu Hopewell,jhopewell1q@yelp.com,+57 (599) 794-7804
Neala Duddell,nduddell1r@goo.ne.jp,+86 (825) 878-5427
Nannette Stannering,nstannering1s@nyu.edu,+86 (871) 919-0299
Andy Dyshart,adyshart1t@princeton.edu,+48 (823) 364-2593
Mureil Buyers,mbuyers1u@zdnet.com,+380 (583) 546-3136
Benedikta Angless,bangless1v@ycombinator.com,+66 (989) 727-4667
Graig McLeish,gmcleish1w@privacy.gov.au,+7 (807) 915-2557
Kathye Sunners,ksunners1x@parallels.com,+1 (616) 273-4055
Sara Plan,splan1y@arstechnica.com,+86 (299) 979-5739
Walt Lethabridge,wlethabridge1z@nsw.gov.au,+86 (420) 483-1978
Peder Raspison,praspison20@flavors.me,+1 (615) 221-0281
Dione Wheowall,dwheowall21@guardian.co.uk,+7 (111) 544-4104
Say Beves,sbeves22@slideshare.net,+1 (404) 985-5185
Anselm Shailer,ashailer23@cocolog-nifty.com,+55 (896) 125-9379
Josh Knowler,jknowler24@sitemeter.com,+1 (757) 688-5132
Lindsey Larway,llarway25@issuu.com,+7 (139) 873-7427
Leoline Scottrell,lscottrell26@weebly.com,+351 (805) 467-2658
Lorry Rohan,lrohan27@narod.ru,+55 (112) 593-2183
Dody Urien,durien28@reference.com,+55 (736) 532-5295
Aliza Vallance,avallance29@oaic.gov.au,+374 (268) 592-6138
Evey Albrooke,ealbrooke2a@tmall.com,+51 (757) 477-5577
Janek Alsford,jalsford2b@desdev.cn,+63 (780) 869-0618
Fields Brodnecke,fbrodnecke2c@sohu.com,+66 (705) 602-3079
Susana Severs,ssevers2d@com.com,+62 (477) 288-5984
Leslie Tutchings,ltutchings2e@mtv.com,+261 (310) 105-6934
Renell Clair,rclair2f@youtube.com,+1 (776) 383-8511
Barri Dozdill,bdozdill2g@dell.com,+86 (604) 139-0213
Shanda Arundel,sarundel2h@flavors.me,+86 (733) 696-1984
Shelagh Cureton,scureton2i@mlb.com,+86 (141) 465-3767
Dani Handrek,dhandrek2j@harvard.edu,+62 (979) 206-6924
Reginauld MacLennan,rmaclennan2k@amazon.com,+420 (979) 644-5447
Benny Greville,bgreville2l@dyndns.org,+30 (837) 998-8361
Upton Pecha,upecha2m@google.pl,+55 (809) 546-9460
Prissie Harbage,pharbage2n@aol.com,+46 (373) 174-2885
Wanids Holmyard,wholmyard2o@biblegateway.com,+62 (426) 636-5616
Quent Kirman,qkirman2p@nature.com,+55 (132) 495-1167
Taddeo Fewless,tfewless2q@quantcast.com,+92 (328) 839-7238
Katerine Lemmen,klemmen2r@yandex.ru,+212 (255) 329-9177
Dori Elsmore,delsmore2s@tripadvisor.com,+86 (819) 821-4250
Chev Heinert,cheinert2t@bloomberg.com,+62 (720) 756-0830
Gale Swatheridge,gswatheridge2u@simplemachines.org,+51 (744) 604-5298
Bunni Daglish,bdaglish2v@amazon.com,+504 (826) 736-7493
Mayne Parncutt,mparncutt2w@yahoo.co.jp,+86 (198) 170-8912
Casar Playdon,cplaydon2x@yellowbook.com,+249 (254) 877-6064
Adelina Le Page,ale2y@mail.ru,+352 (389) 708-5242
Griswold Iannuzzi,giannuzzi2z@smh.com.au,+7 (672) 982-8406
Claudell Renoden,crenoden30@barnesandnoble.com,+86 (202) 936-5318
Krissie Padmore,kpadmore31@illinois.edu,+593 (831) 419-1043
Algernon Doumenc,adoumenc32@disqus.com,+1 (614) 343-1736
Candis Barfford,cbarfford33@alexa.com,+86 (639) 629-6926
Anet Brayley,abrayley34@tripod.com,+57 (171) 182-6757
Orelia Van der Kruis,ovan35@hostgator.com,+387 (495) 804-5067
Alasteir Sutton,asutton36@dagondesign.com,+86 (880) 828-3173
Aldin Tilt,atilt37@canalblog.com,+62 (387) 457-4743
Carlina Baysting,cbaysting38@netvibes.com,+86 (332) 516-4077
Arni Wolverson,awolverson39@ibm.com,+299 (953) 133-9452
Alberta Byng,abyng3a@yellowpages.com,+63 (534) 390-2161
Tomlin Coverlyn,tcoverlyn3b@twitter.com,+1 (304) 707-8022
Mario Aiers,maiers3c@admin.ch,+55 (711) 863-2288
Peirce Reven,preven3d@amazon.co.jp,+86 (425) 208-0221
Leia Sharrem,lsharrem3e@ebay.com,+86 (277) 361-8502
Tiebold Wennington,twennington3f@cafepress.com,+39 (516) 378-1931
Vick Ancliff,vancliff3g@github.io,+63 (854) 524-3869
Nester Longley,nlongley3h@msu.edu,+86 (781) 641-0616
Randie Manoelli,rmanoelli3i@seesaa.net,+7 (601) 965-1626
Hamil Stuke,hstuke3j@opera.com,+55 (175) 854-8668
Flora Nettles,fnettles3k@mayoclinic.com,+7 (239) 670-5122
Amy Lebrun,alebrun3l@vkontakte.ru,+51 (963) 729-8379
Brewster Unthank,bunthank3m@uol.com.br,+1 (646) 289-5857
Barbie Fawltey,bfawltey3n@tinyurl.com,+62 (188) 339-1636
Hynda Atyea,hatyea3o@nih.gov,+86 (870) 754-0620
Damara Gatus,dgatus3p@discovery.com,+7 (403) 295-0907
Ramsey McArdell,rmcardell3q@plala.or.jp,+232 (828) 142-1150
Ariela Petrillo,apetrillo3r@flavors.me,+84 (355) 911-4361
Basia Sizland,bsizland3s@cafepress.com,+351 (851) 137-0621
Peggi De Launde,pde3t@ft.com,+30 (538) 756-8004
Jodie Arrol,jarrol3u@cocolog-nifty.com,+994 (606) 440-3309
Hester McKimm,hmckimm3v@washington.edu,+55 (848) 787-9548
Jard Flewin,jflewin3w@dagondesign.com,+7 (264) 452-1543
Quinn Friday,qfriday3x@buzzfeed.com,+81 (563) 297-7861
Gusti Hamlet,ghamlet3y@mashable.com,+81 (711) 205-2172
Erinn Austick,eaustick3z@mozilla.com,+86 (892) 643-8981
Udall Novic,unovic40@loc.gov,+48 (316) 791-0646
Reed Skottle,rskottle41@amazon.co.jp,+55 (912) 600-5106
Aveline Gothup,agothup42@moonfruit.com,+48 (492) 229-8018
Brendis Oakwood,boakwood43@histats.com,+27 (897) 189-3256
Koressa Pennycuick,kpennycuick44@t.co,+46 (380) 878-9935
Marjory Risdale,mrisdale45@printfriendly.com,+420 (125) 564-2299
Marcos Archdeacon,marchdeacon46@google.ru,+7 (487) 513-9729
Darelle Melody,dmelody47@ebay.com,+692 (208) 265-6709
Cynthea Pawelke,cpawelke48@weebly.com,+86 (134) 660-7994
Glyn Matysik,gmatysik49@webeden.co.uk,+995 (630) 437-1292
Jacquelyn Demschke,jdemschke4a@free.fr,+33 (421) 745-2952
Solomon Cansdell,scansdell4b@apple.com,+46 (586) 436-8655
Stefania Tremmel,stremmel4c@godaddy.com,+263 (232) 254-4503
Davidson Oakland,doakland4d@slashdot.org,+98 (804) 768-0138
Maryjane Bestwick,mbestwick4e@mail.ru,+86 (770) 931-3193
Jen Deacon,jdeacon4f@reference.com,+86 (638) 127-0077
Sergeant McCerery,smccerery4g@biblegateway.com,+972 (477) 721-8303
Shea De Biasi,sde4h@is.gd,+55 (904) 475-3377
Minni Denis,mdenis4i@sphinn.com,+48 (300) 369-9882
Fannie Aire,faire4j@behance.net,+98 (929) 403-9887
Micheline Lauxmann,mlauxmann4k@craigslist.org,+62 (698) 199-0732
Catharina Wigginton,cwigginton4l@ox.ac.uk,+1 (429) 956-9055
Zorah Hingeley,zhingeley4m@plala.or.jp,+595 (759) 352-8147
Fredia Kolushev,fkolushev4n@yellowbook.com,+86 (822) 527-6848
Davis Tetford,dtetford4o@yellowbook.com,+48 (726) 992-5075
Barn Bollin,bbollin4p@gravatar.com,+43 (592) 916-2706
Leontyne Baszkiewicz,lbaszkiewicz4q@bloomberg.com,+53 (913) 778-3451
Xylia Mompesson,xmompesson4r@sourceforge.net,+355 (972) 882-3206
Hagan Dalton,hdalton4s@timesonline.co.uk,+86 (506) 204-4459
Eden Grisdale,egrisdale4t@techcrunch.com,+86 (314) 146-6318
Devland Bosnell,dbosnell4u@opera.com,+7 (464) 147-1926
Garwin Belverstone,gbelverstone4v@webs.com,+62 (345) 376-8452
Joletta Lermouth,jlermouth4w@mac.com,+98 (670) 981-9366
Leodora Toleman,ltoleman4x@techcrunch.com,+7 (367) 983-4430
Koral D'Antuoni,kdantuoni4y@google.ca,+54 (904) 554-0072
Ardelia Cokayne,acokayne4z@webeden.co.uk,+351 (536) 733-4432
Archer Libbe,alibbe50@angelfire.com,+503 (757) 581-4053
Karna Walkinshaw,kwalkinshaw51@comsenz.com,+380 (408) 574-9155
Aylmar Cluatt,acluatt52@hp.com,+34 (609) 242-4381
Dotti Ashplant,dashplant53@unc.edu,+66 (660) 374-2197
Nils Bus,nbus54@imgur.com,+46 (755) 556-3444
Simone McGunley,smcgunley55@gnu.org,+54 (100) 684-5380
Laryssa Toby,ltoby56@cafepress.com,+86 (893) 966-7447
Connie Swinburn,cswinburn57@unblog.fr,+62 (197) 954-1369
Hermie Pilgram,hpilgram58@sitemeter.com,+62 (409) 633-1435
Franny Rex,frex59@apache.org,+84 (109) 679-4468
Joelie Egleton,jegleton5a@pcworld.com,+264 (339) 975-7322
Thor Hughill,thughill5b@google.co.uk,+1 (991) 589-7712
Francesca Banaszewski,fbanaszewski5c@prweb.com,+39 (103) 303-5648
Guendolen Sall,gsall5d@gizmodo.com,+359 (910) 644-6795
Chan Barden,cbarden5e@hubpages.com,+55 (538) 637-9190
Emmalyn Dack,edack5f@etsy.com,+46 (652) 733-0119
Milty Vose,mvose5g@chicagotribune.com,+47 (371) 920-1259
Pepi Tour,ptour5h@bluehost.com,+45 (301) 709-6469
Steffi Ramsier,sramsier5i@virginia.edu,+46 (510) 233-5267
Willie De Stoop,wde5j@unblog.fr,+359 (705) 985-4867
Sheffield Gages,sgages5k@cargocollective.com,+86 (886) 913-9204
Megen Gratrex,mgratrex5l@ibm.com,+7 (234) 659-3443
Grethel Weedall,gweedall5m@cdc.gov,+33 (780) 364-9470
Wilfred Deakin,wdeakin5n@yandex.ru,+351 (479) 191-6766
Letizia Lockney,llockney5o@paginegialle.it,+86 (637) 212-3700
Kaela Causer,kcauser5p@washington.edu,+66 (375) 736-1996
Washington Mayne,wmayne5q@ed.gov,+7 (547) 562-0728
Pattin Stitfall,pstitfall5r@ustream.tv,+7 (908) 828-7822
Rickard Van De Cappelle,rvan5s@1und1.de,+46 (448) 362-1866
Valina Bewick,vbewick5t@dagondesign.com,+380 (794) 127-6377
Rani Etock,retock5u@ameblo.jp,+55 (442) 381-7329
Dominic Cargon,dcargon5v@geocities.jp,+420 (289) 345-8491
Akim Chesshire,achesshire5w@blogspot.com,+381 (550) 448-2839
Lenard Favill,lfavill5x@wired.com,+86 (673) 639-0334
Catherine Klishin,cklishin5y@microsoft.com,+63 (912) 878-6456
Johnna Thirkettle,jthirkettle5z@trellian.com,+53 (376) 669-5888
Pernell Lyes,plyes60@wired.com,+63 (355) 454-6172
Brande Cavolini,bcavolini61@reverbnation.com,+1 (849) 389-9641
Nanni Dovermann,ndovermann62@cnbc.com,+7 (326) 450-9998
Olva Yeskin,oyeskin63@noaa.gov,+86 (702) 832-2371
Taryn Eagar,teagar64@vinaora.com,+380 (312) 947-5581
Harman Cases,hcases65@bloglovin.com,+62 (905) 708-3439
Fania Gittis,fgittis66@soundcloud.com,+31 (641) 955-2245
Chevy Feeny,cfeeny67@a8.net,+56 (939) 738-9417
Camey Bottomore,cbottomore68@nps.gov,+255 (321) 522-3727
Fred Brizell,fbrizell69@geocities.com,+359 (263) 197-0539
Stormi Durrad,sdurrad6a@ow.ly,+57 (770) 843-8806
Shadow Padillo,spadillo6b@twitpic.com,+62 (466) 157-9367
Nancy Thow,nthow6c@fc2.com,+63 (976) 643-1391
Purcell Adamek,padamek6d@omniture.com,+7 (129) 606-6491
Gnni Pleuman,gpleuman6e@tuttocitta.it,+49 (166) 305-7425
Diego Emloch,demloch6f@lulu.com,+86 (475) 174-6132
Giralda Ackroyd,gackroyd6g@g.co,+389 (140) 463-2475
Lalo Ayling,layling6h@flickr.com,+685 (657) 433-9757
Kariotta Clemence,kclemence6i@taobao.com,+7 (134) 513-9895
Kristian Enrigo,kenrigo6j@nbcnews.com,+62 (415) 843-7969
Helaina Felten,hfelten6k@adobe.com,+51 (365) 874-2608
Cosmo Masser,cmasser6l@bizjournals.com,+63 (691) 243-5815
Germain Petrillo,gpetrillo6m@prnewswire.com,+355 (330) 921-0853
Ruthi Barhams,rbarhams6n@ucoz.ru,+84 (737) 661-2795
Elsinore Jacob,ejacob6o@ehow.com,+51 (723) 213-1488
Ingmar Spender,ispender6p@zimbio.com,+86 (686) 841-5852
Bertha Schimon,bschimon6q@paypal.com,+7 (687) 402-9387
Rickard Whetnell,rwhetnell6r@boston.com,+62 (802) 393-5241
Malina Gann,mgann6s@irs.gov,+505 (435) 289-9732
Laughton Truett,ltruett6t@infoseek.co.jp,+7 (495) 708-5433
Frederica Firmage,ffirmage6u@com.com,+420 (897) 936-8119
Ansley Arrault,aarrault6v@cornell.edu,+63 (276) 512-5482
Toma Runacres,trunacres6w@cam.ac.uk,+856 (566) 360-6380
Borden Beamson,bbeamson6x@hubpages.com,+86 (392) 929-4310
Melitta Franciskiewicz,mfranciskiewicz6y@senate.gov,+1 (405) 974-9206
Zack Benson,zbenson6z@ow.ly,+34 (739) 430-1482
Dulcinea Rack,drack70@google.com.au,+62 (852) 846-4891
Jordan Frodsham,jfrodsham71@spiegel.de,+7 (583) 964-3724
Astra Casillis,acasillis72@pagesperso-orange.fr,+63 (337) 290-0043
Bili Carse,bcarse73@imageshack.us,+81 (628) 809-2908
Mel Mager,mmager74@tuttocitta.it,+51 (667) 201-3092
Hogan Elloy,helloy75@fda.gov,+1 (727) 451-8066
Becky Cordy,bcordy76@arizona.edu,+94 (419) 724-1536
Elvyn Mumbey,emumbey77@discuz.net,+51 (843) 378-8743
Bartel Pirt,bpirt78@studiopress.com,+81 (628) 353-5441
Florance Culross,fculross79@sourceforge.net,+382 (788) 977-2654
Marlo Josowitz,mjosowitz7a@cyberchimps.com,+255 (447) 964-7036
Cybill Marielle,cmarielle7b@java.com,+86 (472) 944-8364
Judi Olorenshaw,jolorenshaw7c@theglobeandmail.com,+62 (723) 882-5203
Latia Craw,lcraw7d@google.co.uk,+48 (745) 348-0658
Ilsa Vockins,ivockins7e@bloglovin.com,+229 (862) 396-6438
Artie Whimp,awhimp7f@chron.com,+7 (203) 548-1809
Twila Coniff,tconiff7g@epa.gov,+351 (573) 217-5422
Pernell Marini,pmarini7h@dropbox.com,+86 (118) 729-8299
Roscoe Fermoy,rfermoy7i@smugmug.com,+1 (261) 730-8821
Chane Travers,ctravers7j@paypal.com,+351 (307) 303-7576
Brig Farrow,bfarrow7k@dion.ne.jp,+351 (820) 349-6822
Bryna Dielhenn,bdielhenn7l@devhub.com,+63 (548) 158-2813
Boigie Maylour,bmaylour7m@who.int,+62 (712) 827-9744
Merridie Ceschini,mceschini7n@over-blog.com,+46 (150) 246-1189
Farlee Shambrook,fshambrook7o@example.com,+62 (495) 620-5530
Hillyer Robic,hrobic7p@privacy.gov.au,+86 (462) 841-2623
Alvie Rand,arand7q@webs.com,+93 (892) 624-4989
Alejandra Borzoni,aborzoni7r@topsy.com,+86 (923) 655-3674
Leanna Boater,lboater7s@shareasale.com,+1 (562) 572-6192
Rheta Sein,rsein7t@mysql.com,+970 (378) 362-7651
Ranna Guerner,rguerner7u@vimeo.com,+62 (361) 447-8535
Linn Hollier,lhollier7v@buzzfeed.com,+55 (544) 560-5418
Moritz Northing,mnorthing7w@sogou.com,+86 (385) 802-9417
Petrina Hymans,phymans7x@diigo.com,+55 (571) 644-8484
Kesley Stanlock,kstanlock7y@reuters.com,+86 (982) 250-5635
Libbi Rounsefell,lrounsefell7z@feedburner.com,+351 (849) 636-3074
Garth Horsted,ghorsted80@nydailynews.com,+58 (941) 994-2153
Benn Dunphy,bdunphy81@cnbc.com,+262 (684) 888-4904
Agace Bagshawe,abagshawe82@wired.com,+48 (467) 955-7100
Christine Wardale,cwardale83@wired.com,+7 (851) 711-5834
Viviene Greger,vgreger84@feedburner.com,+62 (204) 753-5558
Kareem Mirams,kmirams85@pbs.org,+63 (376) 668-3851
Adore Leport,aleport86@amazon.co.jp,+62 (295) 445-1434
Elton Bortolotti,ebortolotti87@umich.edu,+7 (308) 818-9803
Aidan Winspar,awinspar88@xing.com,+86 (689) 178-6921
Willdon Bleakman,wbleakman89@dagondesign.com,+86 (829) 672-3304
Madelina Jopp,mjopp8a@gmpg.org,+98 (831) 362-8937
Morgen Davey,mdavey8b@creativecommons.org,+7 (288) 783-1500
Simona Innett,sinnett8c@bizjournals.com,+81 (870) 997-4100
Bryn Fullard,bfullard8d@skype.com,+30 (510) 785-4006
Claire Drewitt,cdrewitt8e@sina.com.cn,+1 (947) 748-1975
Roxy Hebard,rhebard8f@youtu.be,+86 (577) 758-1327
Zea Nigh,znigh8g@cargocollective.com,+380 (205) 138-5515
Stephi Roycroft,sroycroft8h@paginegialle.it,+63 (972) 636-0669
Agnesse Scimoni,ascimoni8i@narod.ru,+358 (178) 367-7167
Charleen Trathan,ctrathan8j@yolasite.com,+48 (172) 614-8980
Travis Mytton,tmytton8k@cam.ac.uk,+351 (317) 140-3125
Kattie Carson,kcarson8l@usa.gov,+62 (744) 756-4665
Hilde Baxter,hbaxter8m@mail.ru,+63 (951) 716-6489
Berta Skae,bskae8n@webmd.com,+27 (798) 144-1774
Pinchas Danielli,pdanielli8o@furl.net,+385 (735) 188-8548
Wallache Harbour,wharbour8p@lycos.com,+33 (811) 296-4559
Sauveur Harkus,sharkus8q@tuttocitta.it,+355 (632) 830-1576
Camille Doy,cdoy8r@alexa.com,+63 (439) 695-7760
Lane Arbon,larbon8s@google.com.au,+86 (124) 350-0086
Ingra Trassler,itrassler8t@ustream.tv,+352 (557) 172-3490
Dolph Whiteway,dwhiteway8u@yale.edu,+351 (784) 275-2468
Normie Worms,nworms8v@live.com,+7 (960) 985-1833
Celestyna Vida,cvida8w@admin.ch,+86 (295) 772-7527
Clementius Stump,cstump8x@hud.gov,+46 (764) 877-8000
Gerardo Pont,gpont8y@ucoz.ru,+1 (352) 311-6236
Gibby Gibberd,ggibberd8z@parallels.com,+86 (241) 903-8303
Panchito De Roeck,pde90@ft.com,+48 (123) 612-9218
Dulcea Notley,dnotley91@hhs.gov,+33 (169) 915-2148
Ozzy Readie,oreadie92@theatlantic.com,+31 (131) 814-5234
Rene Hought,rhought93@mapy.cz,+51 (151) 450-5466
Wyatt Stinson,wstinson94@ehow.com,+7 (787) 121-6107
Guendolen Brackstone,gbrackstone95@unc.edu,+86 (613) 373-2977
Waldemar Ogborne,wogborne96@google.ca,+86 (604) 112-2890
Aurore Roblett,aroblett97@surveymonkey.com,+39 (679) 727-3679
Hesther Fowkes,hfowkes98@vistaprint.com,+263 (835) 303-5664
Major Chasson,mchasson99@altervista.org,+255 (170) 552-8528
Tobias Bleakley,tbleakley9a@cbslocal.com,+86 (583) 411-1472
Raychel Abbot,rabbot9b@ucoz.ru,+60 (999) 989-4330
Dre Iredale,diredale9c@zimbio.com,+380 (719) 616-2342
Hewie Novelli,hnovelli9d@biblegateway.com,+7 (918) 306-2844
Roby Varren,rvarren9e@telegraph.co.uk,+55 (737) 397-7188
Hans Hutchins,hhutchins9f@tripadvisor.com,+374 (543) 416-3174
Matias Geist,mgeist9g@facebook.com,+689 (434) 568-0318
Hilary Kays,hkays9h@weibo.com,+86 (392) 867-9734
Irma Barefoot,ibarefoot9i@163.com,+86 (263) 806-9919
Raymund Woolhouse,rwoolhouse9j@studiopress.com,+86 (561) 491-7987
Augustus Coners,aconers9k@jimdo.com,+86 (379) 504-4619
Aubry Hoggan,ahoggan9l@pagesperso-orange.fr,+374 (199) 831-1519
Cyril Sellwood,csellwood9m@prlog.org,+353 (348) 779-2105
Augustine Whapple,awhapple9n@apache.org,+1 (901) 748-5558
Cristobal Bartkiewicz,cbartkiewicz9o@virginia.edu,+48 (655) 590-5468
Magda Acklands,macklands9p@gravatar.com,+53 (474) 640-3679
Grazia Cantero,gcantero9q@vimeo.com,+48 (830) 907-2602
Edsel McCandie,emccandie9r@geocities.com,+66 (445) 700-1271
Dee dee Breslau,ddee9s@cloudflare.com,+86 (175) 357-6642
Helena Whilder,hwhilder9t@tamu.edu,+62 (934) 345-8897
Averil Probbings,aprobbings9u@cargocollective.com,+260 (477) 428-4355
Albert Paull,apaull9v@edublogs.org,+262 (653) 632-4499
Inessa Bernon,ibernon9w@shinystat.com,+255 (881) 401-2172
Gerrard Tayspell,gtayspell9x@icio.us,+51 (809) 637-6828
Ninnette Caswall,ncaswall9y@globo.com,+62 (145) 951-4499
Alvinia Sisneros,asisneros9z@constantcontact.com,+48 (480) 612-9020
Myrle Bartczak,mbartczaka0@slashdot.org,+57 (331) 450-5878
Sterne Noddles,snoddlesa1@abc.net.au,+62 (760) 548-5587
Rutger Blanking,rblankinga2@xinhuanet.com,+62 (927) 404-3309
Dante MacCauley,dmaccauleya3@sciencedaily.com,+62 (980) 238-6230
Alessandra Wessell,awessella4@jimdo.com,+1 (433) 461-0538
Sallee Downgate,sdowngatea5@skype.com,+229 (140) 497-0822
Storm Irvin,sirvina6@omniture.com,+86 (170) 916-0010
Layney Dockrell,ldockrella7@yahoo.co.jp,+351 (358) 473-5432
Merlina Matthiesen,mmatthiesena8@vkontakte.ru,+7 (428) 175-2096
Llywellyn Verecker,lvereckera9@bigcartel.com,+1 (808) 568-5772
Abie Titta,atittaaa@nbcnews.com,+34 (388) 217-1483
Nahum Manueau,nmanueauab@kickstarter.com,+86 (265) 341-8719
Matthieu Cops,mcopsac@studiopress.com,+86 (314) 209-6383
Persis Boulton,pboultonad@ovh.net,+63 (450) 857-0151
Trudie Delgardo,tdelgardoae@dedecms.com,+353 (357) 412-9174
Elysha Hampton,ehamptonaf@zimbio.com,+86 (985) 635-2804
Ardenia Gully,agullyag@altervista.org,+55 (502) 559-0986
Lesya Bloom,lbloomah@blogtalkradio.com,+62 (451) 380-3682
Mickie O'Donnell,modonnellai@creativecommons.org,+46 (983) 564-0667
Loy Vlach,lvlachaj@tripadvisor.com,+242 (393) 327-4512
Grenville Mattiussi,gmattiussiak@merriam-webster.com,+62 (161) 459-6615
Buckie Fellis,bfellisal@wired.com,+356 (274) 549-5566
Talia Oades,toadesam@bandcamp.com,+52 (938) 532-1930
Brinn Stedson,bstedsonan@pbs.org,+30 (955) 231-1643
Padraic Vlasyuk,pvlasyukao@sciencedaily.com,+81 (987) 306-0137
Kristan Paaso,kpaasoap@cisco.com,+992 (999) 504-0482
Demetra Colley,dcolleyaq@nyu.edu,+86 (208) 243-3893
Marti Stace,mstacear@scribd.com,+55 (613) 444-7040
Grantley Shanks,gshanksas@amazon.co.jp,+33 (844) 683-8098
Florida Wasbey,fwasbeyat@zdnet.com,+46 (706) 612-8879
Bobbi Baynes,bbaynesau@baidu.com,+81 (183) 521-2555
Miner Weems,mweemsav@baidu.com,+63 (608) 781-9805
Dita Pinches,dpinchesaw@trellian.com,+86 (778) 144-4882
Farly Liver,fliverax@diigo.com,+62 (409) 173-9000
Marleen Ewells,mewellsay@angelfire.com,+33 (306) 722-9751
Dayna Bizley,dbizleyaz@a8.net,+1 (137) 881-7610
Glyn Dunphie,gdunphieb0@cam.ac.uk,+86 (570) 175-0074
Seka Magwood,smagwoodb1@livejournal.com,+7 (360) 294-1278
Randene Gebby,rgebbyb2@gnu.org,+7 (494) 907-9303
Kaela Guillem,kguillemb3@smh.com.au,+54 (109) 442-0437
Giraud Cristobal,gcristobalb4@studiopress.com,+263 (969) 708-0670
Orelee McGilvray,omcgilvrayb5@nytimes.com,+47 (436) 579-1143
Sylvia Glassopp,sglassoppb6@bigcartel.com,+33 (938) 232-4722
Jeremias Eick,jeickb7@epa.gov,+380 (241) 776-7155
Gus Blaszczynski,gblaszczynskib8@usda.gov,+7 (620) 126-1409
Aretha Siene,asieneb9@symantec.com,+351 (805) 233-8513
Piper Gaskin,pgaskinba@comcast.net,+51 (466) 857-3455
Evaleen Beaudry,ebeaudrybb@umich.edu,+7 (196) 153-6267
Courtney Mytton,cmyttonbc@ehow.com,+1 (941) 410-8168
Tiffie Pardey,tpardeybd@angelfire.com,+237 (222) 748-8984
Traver Silverwood,tsilverwoodbe@answers.com,+56 (246) 654-6940
Myca Streater,mstreaterbf@51.la,+86 (428) 692-1065
Hobart Teek,hteekbg@ovh.net,+503 (826) 856-7554
Viki Josebury,vjoseburybh@so-net.ne.jp,+33 (714) 641-3433
Darcie Reilinger,dreilingerbi@tamu.edu,+46 (657) 254-1550
Arlette Garlick,agarlickbj@360.cn,+234 (746) 708-2908
Parker Stoter,pstoterbk@blog.com,+880 (714) 920-8610
Delilah Riediger,driedigerbl@webnode.com,+86 (733) 190-2313
Haze Ambage,hambagebm@macromedia.com,+62 (354) 951-8369
Deana Lutzmann,dlutzmannbn@indiegogo.com,+385 (897) 164-9599
Bertie Kerne,bkernebo@usatoday.com,+48 (903) 289-5563
Alford Hargreave,ahargreavebp@miitbeian.gov.cn,+86 (303) 143-8463
Gwenora Mazin,gmazinbq@nationalgeographic.com,+33 (589) 155-2993
Rickie Cookman,rcookmanbr@nhs.uk,+86 (556) 310-4043
Roseanne Larvor,rlarvorbs@nymag.com,+81 (167) 317-1823
Jolyn Empringham,jempringhambt@tmall.com,+1 (314) 479-6557
Ilario Dombrell,idombrellbu@csmonitor.com,+86 (248) 519-6371
Inesita Train,itrainbv@webeden.co.uk,+420 (346) 371-0061
Pauli Corselles,pcorsellesbw@dedecms.com,+33 (624) 916-8164
Bearnard Slograve,bslogravebx@mlb.com,+57 (390) 351-4263
Hercules McFeate,hmcfeateby@redcross.org,+7 (559) 769-5816
Engracia Templar,etemplarbz@noaa.gov,+46 (624) 529-0499
Joelynn Haldane,jhaldanec0@columbia.edu,+81 (604) 456-0226
Wendi Gooms,wgoomsc1@canalblog.com,+86 (670) 876-3858
Carlee Monahan,cmonahanc2@nba.com,+86 (289) 518-3793
Cathrine Ley,cleyc3@nbcnews.com,+62 (448) 706-6276
Roland Jorcke,rjorckec4@networkadvertising.org,+62 (620) 910-7056
Ashien Graver,agraverc5@cpanel.net,+86 (573) 496-1969
Ivar Chinnock,ichinnockc6@soundcloud.com,+994 (211) 989-7840
Miranda Nettleship,mnettleshipc7@chron.com,+351 (497) 863-5981
Delmore Biddleston,dbiddlestonc8@un.org,+63 (607) 675-6640
Judith Worrall,jworrallc9@unblog.fr,+62 (875) 480-4531
Bethanne O' Mara,boca@hexun.com,+86 (738) 994-0371
Mason Horsewood,mhorsewoodcb@vimeo.com,+63 (942) 785-0374
Stanley Bagby,sbagbycc@pcworld.com,+55 (712) 509-8291
Rosalia Calafate,rcalafatecd@squidoo.com,+86 (876) 413-5405
Iosep Hutchins,ihutchinsce@state.tx.us,+27 (162) 516-7101
Ailis Snelle,asnellecf@netvibes.com,+66 (857) 430-5366
Kizzie Follen,kfollencg@etsy.com,+51 (477) 516-3717
Kaila Heakey,kheakeych@g.co,+380 (942) 981-8058
Kippy Kloska,kkloskaci@vk.com,+255 (628) 291-4082
Heath Pachmann,hpachmanncj@deliciousdays.com,+62 (421) 887-2285
Kean Iggulden,kigguldenck@msn.com,+86 (427) 383-9085
Gae Sobtka,gsobtkacl@blogger.com,+370 (555) 626-3022
Phelia Petrusch,ppetruschcm@yale.edu,+62 (294) 396-4198
Wesley Jarley,wjarleycn@apache.org,+86 (512) 493-4507
Judas Curwen,jcurwenco@homestead.com,+64 (571) 993-8297
Timi Donat,tdonatcp@phpbb.com,+7 (314) 400-1302
Kori Novkovic,knovkoviccq@state.tx.us,+62 (618) 296-3415
Matthieu MacFarlan,mmacfarlancr@sohu.com,+92 (559) 929-4097
Dalt Tredinnick,dtredinnickcs@eventbrite.com,+62 (531) 935-1435
Bernardine Ladloe,bladloect@illinois.edu,+595 (946) 548-7439
Vivien Frusher,vfrushercu@usgs.gov,+503 (561) 284-1792
Jeramey McIlherran,jmcilherrancv@cbsnews.com,+380 (694) 823-6102
Sholom Trembey,strembeycw@cnn.com,+357 (134) 914-8578
Laure Moncaster,lmoncastercx@technorati.com,+62 (434) 691-5605
Eric Vanne,evannecy@omniture.com,+33 (311) 628-9843
Fannie Parnham,fparnhamcz@cnbc.com,+62 (217) 419-4074
Nathaniel Dowtry,ndowtryd0@scientificamerican.com,+86 (766) 604-2905
Sam Fulcher,sfulcherd1@tiny.cc,+7 (297) 780-7722
Frasquito Shemelt,fshemeltd2@geocities.com,+86 (490) 411-5710
Ruthie Rosenhaupt,rrosenhauptd3@qq.com,+62 (357) 516-2143
Joni Laing,jlaingd4@1und1.de,+260 (424) 729-2983
Dreddy Cail,dcaild5@wufoo.com,+62 (124) 660-6143
Cointon Haddinton,chaddintond6@domainmarket.com,+62 (788) 398-3577
Buck Oneil,boneild7@constantcontact.com,+62 (174) 459-7317
Gertruda Walklett,gwalklettd8@ed.gov,+504 (678) 408-2094
Calida Roark,croarkd9@gov.uk,+33 (700) 287-2944
Barbabra Fuller,bfullerda@biblegateway.com,+81 (583) 803-4418
Morie Imbrey,mimbreydb@vimeo.com,+221 (603) 613-5115
Ferdy Grinyer,fgrinyerdc@indiatimes.com,+86 (431) 651-9232
Staffard Pleace,spleacedd@odnoklassniki.ru,+62 (869) 461-4193
Asa Robken,arobkende@mediafire.com,+33 (521) 777-7885
Diandra Madders,dmaddersdf@nifty.com,+86 (575) 166-5208
Felecia Eves,fevesdg@npr.org,+86 (996) 465-5802
Hube Anstice,hansticedh@skype.com,+351 (611) 532-9351
Malinde Caruth,mcaruthdi@dailymail.co.uk,+420 (241) 644-4355
Eldin Foxley,efoxleydj@google.com.au,+86 (112) 139-0970
Henrik Jeal,hjealdk@ow.ly,+86 (450) 164-3437
Leticia Trout,ltroutdl@bandcamp.com,+62 (986) 319-3033
Christine O'Gaven,cogavendm@youku.com,+62 (557) 551-6254
Hildegarde Allmark,hallmarkdn@ustream.tv,+33 (481) 647-6751
Meta Joselson,mjoselsondo@ihg.com,+60 (648) 755-1953
Tiffany Suerz,tsuerzdp@whitehouse.gov,+234 (735) 392-6315
Britteny Gaggen,bgaggendq@purevolume.com,+81 (264) 346-4036
Helenelizabeth Snoddin,hsnoddindr@t.co,+86 (691) 841-7508
Ninnetta Danet,ndanetds@yahoo.co.jp,+63 (815) 593-9382
Mirelle Anderbrugge,manderbruggedt@list-manage.com,+86 (118) 214-3963
Kristofor Suett,ksuettdu@ocn.ne.jp,+86 (899) 532-0855
Louella Rayer,lrayerdv@epa.gov,+86 (405) 743-7340
Daryl Leyninye,dleyninyedw@berkeley.edu,+7 (516) 542-4555
Devin Mabbe,dmabbedx@nsw.gov.au,+86 (646) 109-6265
Raphael Jaycock,rjaycockdy@slashdot.org,+62 (368) 132-7827
Darda Partkya,dpartkyadz@buzzfeed.com,+380 (494) 306-8499
Ariana Brendeke,abrendekee0@163.com,+98 (851) 238-0915
Barbra Telezhkin,btelezhkine1@paginegialle.it,+86 (393) 238-4073
Terrill Nind,tninde2@about.com,+62 (628) 213-9163
Mariellen Errichelli,merrichellie3@rakuten.co.jp,+62 (950) 763-2499
Hillier Royan,hroyane4@who.int,+86 (725) 849-5799
Val Vella,vvellae5@so-net.ne.jp,+81 (782) 396-1120
Britt Salmen,bsalmene6@gnu.org,+46 (308) 655-5903
Noami Kennaway,nkennawaye7@smh.com.au,+60 (658) 898-8889
Jeremy Canto,jcantoe8@wisc.edu,+212 (996) 351-4943
Alfonso Lambarth,alambarthe9@nps.gov,+55 (986) 944-5604
Boothe Warry,bwarryea@gizmodo.com,+1 (717) 617-7723
Marius Mosco,mmoscoeb@twitpic.com,+86 (203) 444-5275
Austine Tother,atotherec@netvibes.com,+63 (558) 182-4903
Nerty McIlwaine,nmcilwaineed@alibaba.com,+420 (317) 229-1200
Devora Menloe,dmenloeee@skyrock.com,+7 (213) 612-0176
Pincas Seviour,pseviouref@yellowbook.com,+33 (593) 670-8905
Brook Francom,bfrancomeg@google.com.au,+62 (976) 371-3386
Marisa Dreamer,mdreamereh@cyberchimps.com,+54 (906) 195-9990
Janel Putnam,jputnamei@prnewswire.com,+62 (165) 145-4421
Avrom Futter,afutterej@infoseek.co.jp,+7 (205) 767-6636
Abner Brellin,abrellinek@sina.com.cn,+595 (543) 436-5142
Arvy Ricco,ariccoel@epa.gov,+48 (912) 413-2607
Bevon Shuttlewood,bshuttlewoodem@columbia.edu,+263 (276) 322-3812
Ingra Bosket,ibosketen@bloomberg.com,+33 (889) 865-2218
Sal Helian,shelianeo@tinyurl.com,+1 (111) 650-9594
Maye Hagger,mhaggerep@squarespace.com,+98 (447) 517-5390
Adelle Horwell,ahorwelleq@trellian.com,+55 (675) 214-0630
Natassia Cruddace,ncruddaceer@plala.or.jp,+226 (479) 124-1076
Desiree Schiell,dschielles@who.int,+33 (813) 742-3906
Zebadiah Gerler,zgerleret@feedburner.com,+86 (391) 966-0109
Lottie Hammatt,lhammatteu@businessweek.com,+33 (935) 213-8588
Renate Cordeiro,rcordeiroev@creativecommons.org,+7 (757) 258-6354
Thekla Cloonan,tcloonanew@livejournal.com,+1 (585) 360-8290
Devy McFayden,dmcfaydenex@goodreads.com,+505 (837) 824-5072
Ilsa Simakov,isimakovey@jugem.jp,+351 (641) 678-6545
Daria Deveraux,ddeverauxez@independent.co.uk,+375 (641) 271-6496
Abbye Bartomieu,abartomieuf0@sogou.com,+677 (781) 383-9145
Biron Schukraft,bschukraftf1@nifty.com,+62 (940) 189-9723
Hartley Benbrick,hbenbrickf2@mapquest.com,+55 (216) 993-2708
Justine Preon,jpreonf3@vimeo.com,+234 (920) 410-2982
Norton Mussington,nmussingtonf4@who.int,+387 (752) 899-4929
Trish Jeste,tjestef5@oakley.com,+55 (797) 622-1298
Bessie Beert,bbeertf6@bbc.co.uk,+86 (353) 939-9314
Marji Headly,mheadlyf7@dropbox.com,+62 (167) 527-7053
Isidro Labuschagne,ilabuschagnef8@dmoz.org,+86 (157) 126-9243
Pyotr Demangel,pdemangelf9@alibaba.com,+48 (846) 252-2573
Hendrick Russilll,hrussilllfa@salon.com,+7 (811) 664-9657
Neal Casarili,ncasarilifb@sitemeter.com,+66 (368) 400-1533
Charlotte Sharma,csharmafc@elpais.com,+351 (379) 491-7273
Meredith Mordey,mmordeyfd@purevolume.com,+62 (949) 476-7376
Toiboid Parkisson,tparkissonfe@yandex.ru,+86 (822) 734-7310
Darin Challis,dchallisff@tuttocitta.it,+92 (837) 164-0300
Flss Ealles,feallesfg@mediafire.com,+48 (960) 356-0603
Fabian Klos,fklosfh@theatlantic.com,+63 (979) 608-2261
Lief Arnau,larnaufi@com.com,+63 (189) 435-3195
Kenny Tythe,ktythefj@amazon.co.uk,+7 (262) 148-3409
Faythe Pagan,fpaganfk@usa.gov,+48 (642) 101-5924
Miquela Hammatt,mhammattfl@tmall.com,+48 (371) 369-7245
Agatha Dederich,adederichfm@amazon.co.jp,+62 (423) 464-9165
Morgun Blyden,mblydenfn@msn.com,+62 (566) 396-1658
Tully Call,tcallfo@salon.com,+86 (225) 513-5690
Hale Behrens,hbehrensfp@tripod.com,+380 (116) 444-0118
Asher Hector,ahectorfq@digg.com,+81 (291) 492-1840
Neda Thaine,nthainefr@chronoengine.com,+1 (229) 660-1210
Agnes Boecke,aboeckefs@google.nl,+677 (103) 600-6366
Noach Poundesford,npoundesfordft@huffingtonpost.com,+86 (929) 247-3858
Gaye Furzey,gfurzeyfu@squidoo.com,+993 (908) 731-3188
Carlos Muschette,cmuschettefv@wikipedia.org,+81 (766) 676-1045
Tibold Garrals,tgarralsfw@bloglovin.com,+86 (780) 307-4491
Urbanus Cranshaw,ucranshawfx@ycombinator.com,+86 (876) 956-3985
Vanya Millbank,vmillbankfy@edublogs.org,+86 (337) 748-3629
Dorolisa McCrostie,dmccrostiefz@upenn.edu,+63 (698) 256-3521
Darlene Curran,dcurrang0@yellowbook.com,+86 (602) 702-3237
Whitaker Boam,wboamg1@shop-pro.jp,+46 (348) 786-0981
Jinny Crambie,jcrambieg2@go.com,+66 (908) 910-4047
Florina Frostdicke,ffrostdickeg3@paypal.com,+351 (241) 956-7873
Evy Lunney,elunneyg4@wix.com,+48 (324) 356-9968
Herculie Crevagh,hcrevaghg5@comsenz.com,+7 (432) 281-0451
Henryetta Rosenblath,hrosenblathg6@ucoz.com,+507 (523) 853-7892
Melodie Lanfere,mlanfereg7@nsw.gov.au,+358 (203) 362-7662
Tanner Fawssett,tfawssettg8@linkedin.com,+353 (782) 796-1487
Rees Cobain,rcobaing9@state.gov,+353 (203) 252-9377
Martelle Henze,mhenzega@japanpost.jp,+98 (545) 673-1653
Emanuel Moir,emoirgb@kickstarter.com,+86 (350) 728-7857
Meryl Kubiak,mkubiakgc@youku.com,+86 (489) 388-1979
Orin Fike,ofikegd@e-recht24.de,+86 (757) 758-4775
Kiele Orthmann,korthmannge@ftc.gov,+93 (841) 460-8989
Lina Upchurch,lupchurchgf@lycos.com,+52 (915) 649-1513
Rivy Brader,rbradergg@amazon.co.uk,+1 (619) 292-2391
Kelly Argile,kargilegh@auda.org.au,+1 (610) 692-0621
Prescott Eyton,peytongi@walmart.com,+86 (547) 565-1769
Rogerio Trude,rtrudegj@yellowbook.com,+55 (552) 609-1387
Abba Kenningley,akenningleygk@wisc.edu,+7 (484) 172-2905
Hali Livett,hlivettgl@devhub.com,+63 (452) 898-1280
Theodora Oslar,toslargm@slideshare.net,+31 (967) 917-8071
Zechariah Laborda,zlabordagn@businessinsider.com,+86 (664) 285-6483
Cecil Nappin,cnappingo@livejournal.com,+60 (846) 633-6773
Orbadiah Widdall,owiddallgp@economist.com,+63 (708) 840-2922
Berne Vella,bvellagq@desdev.cn,+597 (842) 883-8919
Goldy Phelipeau,gphelipeaugr@youtu.be,+33 (446) 275-2687
Audry Hauxby,ahauxbygs@rediff.com,+94 (901) 732-2946
Riley Grasha,rgrashagt@earthlink.net,+86 (609) 706-1063
Pauletta Krop,pkropgu@miibeian.gov.cn,+51 (832) 129-3602
Tobey Pipkin,tpipkingv@nih.gov,+55 (609) 739-8819
Dorrie Goalley,dgoalleygw@ameblo.jp,+86 (301) 660-7265
Britta Hourihan,bhourihangx@macromedia.com,+264 (798) 514-5992
Ly Eyckel,leyckelgy@storify.com,+81 (513) 632-5697
Laureen Skelhorn,lskelhorngz@ocn.ne.jp,+33 (386) 946-3203
Quintilla Oade,qoadeh0@soundcloud.com,+62 (958) 960-9517
Norah Melwall,nmelwallh1@geocities.com,+86 (855) 460-5876
Carling Gouley,cgouleyh2@virginia.edu,+7 (938) 466-4634
Brnaba Barbrick,bbarbrickh3@vk.com,+7 (111) 419-4709
Hallie Coakley,hcoakleyh4@mit.edu,+62 (289) 817-4669
Romy Rohlfing,rrohlfingh5@canalblog.com,+420 (894) 346-2951
Phyllida Mobley,pmobleyh6@mysql.com,+216 (951) 505-2384
Gavra Ayrs,gayrsh7@rambler.ru,+269 (488) 761-2048
Leesa Skala,lskalah8@edublogs.org,+86 (184) 792-6685
Aubine Sanney,asanneyh9@omniture.com,+216 (518) 375-6571
Mord Bennit,mbennitha@posterous.com,+54 (266) 883-7609
Devin Hoggetts,dhoggettshb@ucla.edu,+55 (198) 873-7243
Benjamen Grose,bgrosehc@domainmarket.com,+1 (478) 274-2450
Bear Keyme,bkeymehd@slashdot.org,+81 (914) 979-9014
Marcile Tatteshall,mtatteshallhe@jigsy.com,+86 (461) 692-7992
Tod Dedrick,tdedrickhf@macromedia.com,+30 (468) 202-4492
Den Renon,drenonhg@auda.org.au,+58 (191) 651-2368
Jo Menault,jmenaulthh@github.com,+63 (208) 596-9031
Ethelind Mounce,emouncehi@weebly.com,+1 (504) 890-8808
Greggory Waberer,gwabererhj@macromedia.com,+255 (788) 215-6240
Devon Medcalfe,dmedcalfehk@cdbaby.com,+385 (987) 723-5936
Greggory Formie,gformiehl@europa.eu,+972 (509) 829-8116
Norbert Geraudel,ngeraudelhm@npr.org,+63 (957) 563-0832
Bink Petch,bpetchhn@parallels.com,+1 (536) 526-6029
Fredi Cudiff,fcudiffho@example.com,+420 (721) 861-9688
Mortimer Stileman,mstilemanhp@washington.edu,+27 (716) 615-7927
Eleonora Buckthorpe,ebuckthorpehq@domainmarket.com,+62 (363) 644-7622
Erick Collyear,ecollyearhr@hostgator.com,+506 (878) 458-4076
Berke Frill,bfrillhs@ycombinator.com,+48 (874) 343-7656
Simonne Balducci,sbalducciht@google.com,+63 (839) 629-4625
Jacquelin McCumesky,jmccumeskyhu@squidoo.com,+63 (883) 903-8206
Jillana Glancy,jglancyhv@freewebs.com,+389 (973) 119-7423
Norby Paviour,npaviourhw@reddit.com,+52 (912) 194-2188
Mariele Ginity,mginityhx@google.cn,+55 (419) 991-6716
Benoite Sweetmore,bsweetmorehy@example.com,+230 (599) 155-8726
Coral Formilli,cformillihz@angelfire.com,+86 (972) 430-7987
Garret Howarth,ghowarthi0@marketwatch.com,+86 (521) 741-3849
Katha Faill,kfailli1@1und1.de,+84 (808) 166-8948
Conrad Bissell,cbisselli2@fda.gov,+86 (914) 455-7852
Gaby Thorley,gthorleyi3@rambler.ru,+994 (764) 997-9274
Annamaria Walkling,awalklingi4@meetup.com,+386 (450) 704-8519
Trude Kobpa,tkobpai5@google.cn,+86 (196) 558-8299
Brandie Matei,bmateii6@cbc.ca,+86 (104) 609-9983
Laraine Gutteridge,lgutteridgei7@usda.gov,+57 (879) 179-4046
Rey Mccaull,rmccaulli8@addthis.com,+256 (934) 319-9803
Tabor Marchent,tmarchenti9@seattletimes.com,+62 (765) 468-3033
Ozzy Katte,okatteia@omniture.com,+86 (684) 263-7464
Redford Osgood,rosgoodib@usgs.gov,+62 (235) 397-2380
Chevalier Raggatt,craggattic@hao123.com,+30 (826) 858-2564
Koo Denholm,kdenholmid@washingtonpost.com,+420 (207) 455-6462
Wilow Fabri,wfabriie@behance.net,+33 (983) 219-1013
Aluino Edeler,aedelerif@pinterest.com,+86 (597) 427-1633
Alley Bosma,abosmaig@networkadvertising.org,+7 (948) 536-2996
Tasha Puncher,tpuncherih@storify.com,+359 (953) 584-9644
Madelin Vouls,mvoulsii@kickstarter.com,+46 (735) 676-4430
Tanitansy Forrington,tforringtonij@fc2.com,+7 (904) 583-5574
Lalo Carnachen,lcarnachenik@ca.gov,+86 (524) 932-7656
Constancia Shand,cshandil@flavors.me,+880 (515) 455-4627
Betteann Cajkler,bcajklerim@home.pl,+62 (498) 218-4867
Othello Wands,owandsin@ow.ly,+46 (767) 659-6917
Anatollo Titterell,atitterellio@tuttocitta.it,+420 (231) 611-7980
Waldo Dursley,wdursleyip@gmpg.org,+86 (504) 422-6946
Opalina Waltering,owalteringiq@booking.com,+86 (438) 565-8368
Leontyne Trevains,ltrevainsir@youtu.be,+86 (321) 698-4825
Gino Mumbey,gmumbeyis@jimdo.com,+225 (445) 801-2212
Ninette Dobrovolny,ndobrovolnyit@webnode.com,+92 (196) 663-1981
Sandy Jaram,sjaramiu@instagram.com,+63 (731) 386-5652
Martita Ulyet,mulyetiv@illinois.edu,+62 (429) 271-7831
Franzen Cunde,fcundeiw@ocn.ne.jp,+420 (558) 789-7208
Yetta McGeorge,ymcgeorgeix@amazon.com,+52 (101) 948-3339
Malinde Jenteau,mjenteauiy@altervista.org,+7 (807) 320-2061
Michale Philcott,mphilcottiz@google.it,+216 (944) 415-6879
Lavina Vearncombe,lvearncombej0@msn.com,+353 (123) 818-6823
Carroll Dilnot,cdilnotj1@simplemachines.org,+86 (114) 319-0891
Shanda Dubique,sdubiquej2@disqus.com,+63 (988) 447-8606
Toni Swindley,tswindleyj3@over-blog.com,+33 (439) 292-6422
Ike Acum,iacumj4@weebly.com,+33 (594) 197-7438
Stephana Sansome,ssansomej5@google.it,+7 (812) 361-0554
Arther Tummons,atummonsj6@baidu.com,+387 (217) 981-9177
Malanie Cutajar,mcutajarj7@scribd.com,+351 (362) 794-8629
Barbra Amberson,bambersonj8@china.com.cn,+54 (577) 715-8514
Gilda Effaunt,geffauntj9@behance.net,+86 (242) 529-0328
Tatum Fifoot,tfifootja@omniture.com,+62 (955) 935-3805
Tonie Bellie,tbelliejb@telegraph.co.uk,+46 (353) 962-2027
Mathilda Denizet,mdenizetjc@hubpages.com,+63 (982) 834-7434
Marmaduke Parzis,mparzisjd@bluehost.com,+1 (614) 517-7967
Thaddus Ditchett,tditchettje@tripod.com,+998 (377) 428-0370
Mace Membry,mmembryjf@foxnews.com,+505 (898) 243-4392
Donall Doward,ddowardjg@princeton.edu,+86 (559) 634-7419
Keenan Hairesnape,khairesnapejh@aol.com,+86 (539) 569-4014
Lennie Gateshill,lgateshillji@youtube.com,+7 (697) 500-2833
Dalston Redhead,dredheadjj@canalblog.com,+86 (775) 594-1229
Donal Sharpous,dsharpousjk@dailymotion.com,+55 (613) 492-8194
Demetris Putnam,dputnamjl@soup.io,+7 (882) 214-0501
Dena Wixey,dwixeyjm@buzzfeed.com,+355 (148) 177-2965
Gillian Vila,gvilajn@elegantthemes.com,+63 (461) 129-6175
Job Gratton,jgrattonjo@vinaora.com,+1 (349) 396-1929
Ruttger Creamen,rcreamenjp@aboutads.info,+54 (697) 167-6292
Marnia Welland,mwellandjq@blogspot.com,+63 (262) 166-9489
Patrica Lummasana,plummasanajr@goo.ne.jp,+86 (923) 688-1251
Wittie Popplestone,wpopplestonejs@ebay.com,+33 (764) 935-8209
Debbie Crockett,dcrockettjt@merriam-webster.com,+1 (602) 127-6535
Cathy Cranney,ccranneyju@webmd.com,+420 (214) 404-8552
Teddi Carnow,tcarnowjv@hostgator.com,+62 (535) 282-9133
Kellina Stolz,kstolzjw@wisc.edu,+1 (786) 323-5701
Kain Jimpson,kjimpsonjx@google.co.uk,+86 (377) 244-9787
Wynnie Tees,wteesjy@shinystat.com,+1 (718) 441-8364
Catie Skehan,cskehanjz@google.co.jp,+48 (626) 298-0999
Celestina Deverell,cdeverellk0@arstechnica.com,+86 (153) 429-4000
Florian Benezeit,fbenezeitk1@sina.com.cn,+48 (310) 160-2758
Fitzgerald Moniker,fmonikerk2@soup.io,+30 (928) 112-4851
Bear Beglin,bbeglink3@cargocollective.com,+86 (626) 668-4865
Justinn Hanniger,jhannigerk4@wikimedia.org,+86 (950) 235-8504
Dennison Fisbburne,dfisbburnek5@ftc.gov,+86 (323) 419-1176
Christi Heinrich,cheinrichk6@mail.ru,+504 (821) 396-1235
Alwyn Reimer,areimerk7@wired.com,+225 (819) 928-9058
Frederica Comport,fcomportk8@g.co,+351 (558) 363-4521
Ileana Rawles,irawlesk9@state.tx.us,+55 (951) 791-7781
Christine Croizier,ccroizierka@dropbox.com,+86 (306) 396-5448
Berenice Houlson,bhoulsonkb@altervista.org,+86 (407) 267-6002
Janis Blunsum,jblunsumkc@cargocollective.com,+52 (830) 524-5557
Cully Kilpatrick,ckilpatrickkd@hubpages.com,+385 (308) 950-0695
Burnard Havard,bhavardke@webs.com,+63 (283) 775-1323
Tristan Cleyburn,tcleyburnkf@blogger.com,+62 (701) 993-7870
Caleb Dick,cdickkg@nature.com,+7 (631) 754-9384
Miran Neville,mnevillekh@google.co.jp,+57 (247) 363-3544
Callean Caps,ccapski@psu.edu,+968 (404) 799-6230
Julius Baroche,jbarochekj@globo.com,+57 (622) 211-4697
Morley Keely,mkeelykk@ezinearticles.com,+62 (637) 656-7123
Maggi Webber,mwebberkl@addtoany.com,+86 (531) 723-5129
Dasha McCallam,dmccallamkm@t.co,+86 (658) 953-0786
Betsey Lackner,blacknerkn@elegantthemes.com,+55 (126) 109-0904
Torry Hazell,thazellko@ibm.com,+98 (217) 796-1774
Wileen Rubbert,wrubbertkp@hostgator.com,+55 (497) 548-5401
Martie Askey,maskeykq@fema.gov,+86 (514) 165-8683
Zorah Kenwin,zkenwinkr@vkontakte.ru,+62 (164) 919-2110
Meggy Ulyatt,mulyattks@weibo.com,+7 (437) 989-2032
Rosco de Copeman,rdekt@census.gov,+374 (596) 922-0719
Zorine Merriton,zmerritonku@wiley.com,+33 (822) 969-5751
Marthe Gawler,mgawlerkv@google.pl,+7 (719) 597-7866
Philis Radish,pradishkw@go.com,+63 (784) 771-8857
Lyn Iacovino,liacovinokx@ow.ly,+86 (315) 279-2003
Ollie Nezey,onezeyky@123-reg.co.uk,+386 (818) 724-0075
Lisetta MacFall,lmacfallkz@histats.com,+967 (167) 452-7640
Cinderella O'Duilleain,coduilleainl0@java.com,+51 (375) 292-0089
Lenci Springthorp,lspringthorpl1@naver.com,+57 (461) 672-2515
Nikkie Breheny,nbrehenyl2@sbwire.com,+502 (429) 217-7378
Dita Lethebridge,dlethebridgel3@biblegateway.com,+62 (980) 996-1224
Lisbeth Horrigan,lhorriganl4@cnet.com,+48 (141) 930-5779
Denyse Segges,dseggesl5@studiopress.com,+55 (326) 929-0860
Lorelei Casone,lcasonel6@angelfire.com,+86 (108) 620-9818
Branden Harfoot,bharfootl7@npr.org,+55 (302) 407-9284
Skye Caunce,scauncel8@cpanel.net,+93 (189) 631-5520
Auroora Hurnell,ahurnelll9@state.tx.us,+86 (688) 908-6546
Bertrando Stempe,bstempela@nature.com,+63 (562) 737-8537
Willette Bootman,wbootmanlb@yahoo.co.jp,+51 (812) 710-8318
Gustaf Marklew,gmarklewlc@europa.eu,+86 (336) 450-3885
Kevin Boffey,kboffeyld@bluehost.com,+62 (247) 777-8833
Thorin Espinazo,tespinazole@vinaora.com,+7 (293) 851-8364
Brana Syder,bsyderlf@i2i.jp,+62 (683) 453-4213
Normy Cattach,ncattachlg@boston.com,+45 (710) 767-1336
Lindy Garfath,lgarfathlh@smh.com.au,+57 (696) 555-5936
Regina Lougheed,rlougheedli@cafepress.com,+57 (649) 887-7682
Welbie Heaker,wheakerlj@jimdo.com,+86 (904) 496-5632
Ilario Goodbody,igoodbodylk@ow.ly,+46 (520) 232-5285
Sergei Jonk,sjonkll@wisc.edu,+62 (539) 599-3231
Lanie Klimowicz,lklimowiczlm@trellian.com,+62 (784) 833-2431
Herculie Smallman,hsmallmanln@seattletimes.com,+63 (113) 733-0897
Gabrielle O'Shevlin,goshevlinlo@chron.com,+7 (850) 705-5513
Bernadina Steart,bsteartlp@google.ru,+86 (362) 442-5985
Selinda Baudet,sbaudetlq@microsoft.com,+34 (315) 232-8875
Renelle Semple,rsemplelr@youtu.be,+86 (945) 270-3976
Maurice Irwin,mirwinls@phpbb.com,+30 (306) 675-8759
Jere Blose,jbloselt@xinhuanet.com,+86 (474) 395-5566
Paola Brikner,pbriknerlu@list-manage.com,+351 (305) 900-0878
Mylo Mourge,mmourgelv@tripadvisor.com,+7 (394) 343-1710
Kirby Powdrell,kpowdrelllw@washingtonpost.com,+62 (186) 207-8551
Fedora Garthside,fgarthsidelx@google.co.uk,+7 (543) 212-3644
Consalve Piser,cpiserly@answers.com,+86 (974) 469-3798
Eva Saunder,esaunderlz@histats.com,+81 (627) 501-8080
Fernandina Clixby,fclixbym0@zdnet.com,+66 (288) 174-3760
Blayne Warman,bwarmanm1@gnu.org,+380 (648) 955-4282
Vasilis Smooth,vsmoothm2@auda.org.au,+33 (529) 954-1914
Tybie Royste,troystem3@mapquest.com,+63 (758) 830-0902
Charil Di Biaggi,cdim4@woothemes.com,+355 (770) 971-1990
Stephani Paolacci,spaolaccim5@umn.edu,+39 (747) 926-3573
Sanson Malitrott,smalitrottm6@sitemeter.com,+86 (220) 169-3186
Kiley Wastie,kwastiem7@seesaa.net,+62 (861) 875-0112
Minna Crippen,mcrippenm8@hp.com,+963 (836) 634-4546
Anthe O'Giany,aogianym9@blinklist.com,+33 (631) 852-9817
Nikki Kilby,nkilbyma@mysql.com,+27 (443) 590-1126
Mamie Biffin,mbiffinmb@facebook.com,+1 (813) 269-7723
Gustavus Wickersley,gwickersleymc@storify.com,+84 (205) 395-2537
Aeriela Hapgood,ahapgoodmd@diigo.com,+504 (143) 461-8202
Kendall Gustus,kgustusme@diigo.com,+57 (573) 330-0671
Berny Wrout,bwroutmf@people.com.cn,+7 (499) 943-3190
Mariellen Thornhill,mthornhillmg@trellian.com,+86 (987) 365-8696
Waylin Seale,wsealemh@themeforest.net,+86 (464) 767-0235
Reinwald Wavell,rwavellmi@hexun.com,+351 (348) 954-4687
Sheff Perez,sperezmj@sourceforge.net,+63 (298) 777-0567
Brandtr Breznovic,bbreznovicmk@about.com,+7 (715) 445-0437
Phaedra Millan,pmillanml@bloomberg.com,+45 (255) 399-3542
Demetre Anselmi,danselmimm@bloglines.com,+86 (674) 394-7504
Chrissy Oxford,coxfordmn@rediff.com,+86 (407) 183-5273
Hester McPhillimey,hmcphillimeymo@devhub.com,+374 (757) 360-6212
Devonna Taw,dtawmp@ehow.com,+63 (228) 904-7819
Maxy Ricart,mricartmq@constantcontact.com,+234 (525) 698-8750
Karlens Adlam,kadlammr@shutterfly.com,+86 (189) 666-6669
Dulci Allenby,dallenbyms@blogs.com,+62 (451) 250-3365
Ulises McMearty,umcmeartymt@skyrock.com,+7 (235) 319-6851
Chan Vlies,cvliesmu@shinystat.com,+86 (489) 950-1142
Jaquenette Kochlin,jkochlinmv@icio.us,+359 (227) 822-7312
Ilysa Erington,ieringtonmw@cargocollective.com,+55 (146) 892-9735
Polly Vernalls,pvernallsmx@bbc.co.uk,+55 (583) 298-9924
Bobette Biddell,bbiddellmy@dailymotion.com,+86 (928) 373-7850
Cathryn Giannazzi,cgiannazzimz@ucla.edu,+46 (961) 690-8869
Lonni O'Donovan,lodonovann0@studiopress.com,+55 (529) 738-6495
Jerrome Corn,jcornn1@booking.com,+386 (532) 492-5785
Ginevra Stigger,gstiggern2@ft.com,+27 (298) 881-1456
Orren Paladini,opaladinin3@ustream.tv,+7 (429) 582-0649
Gilburt Sushams,gsushamsn4@census.gov,+86 (635) 991-8768
Charmian Mordey,cmordeyn5@blogger.com,+58 (994) 398-6476
Nissa Stibbs,nstibbsn6@ocn.ne.jp,+1 (182) 792-3446
Lemmie Schuck,lschuckn7@sun.com,+86 (855) 569-0447
Berkie Spellard,bspellardn8@dell.com,+7 (423) 731-5892
Zaneta Tuxsell,ztuxselln9@flavors.me,+7 (735) 903-4769
Gavrielle Buxy,gbuxyna@friendfeed.com,+57 (703) 997-9741
Brit Arson,barsonnb@surveymonkey.com,+7 (457) 988-6232
Jarad Munday,jmundaync@yahoo.co.jp,+7 (689) 334-4687
Glen Banbrigge,gbanbriggend@theguardian.com,+380 (606) 895-1791
Matty Coper,mcoperne@springer.com,+30 (319) 204-4667
Vivianna Eric,vericnf@samsung.com,+381 (272) 961-5214
Gertrude Rossander,grossanderng@google.pl,+1 (360) 476-9120
Mayne Norcross,mnorcrossnh@addthis.com,+269 (446) 610-1161
Millisent Denton,mdentonni@ca.gov,+48 (193) 351-3495
Hugibert Flaverty,hflavertynj@miibeian.gov.cn,+992 (530) 567-8370
Gard Malkie,gmalkienk@mtv.com,+225 (920) 320-0311
Ciel Duchart,cduchartnl@time.com,+255 (517) 149-7507
Halsy Hazelhurst,hhazelhurstnm@bluehost.com,+81 (491) 440-6215
Alden Moscone,amosconenn@buzzfeed.com,+63 (932) 381-4181
Maddy Geratt,mgerattno@go.com,+86 (758) 527-6379
Tobiah Hablet,thabletnp@oakley.com,+63 (833) 181-6674
Andriana Bowgen,abowgennq@skype.com,+63 (863) 370-4676
Conrado Kittel,ckittelnr@loc.gov,+54 (113) 474-0572
Fernande Jelliman,fjellimanns@unblog.fr,+1 (835) 246-7961
Joanne Skiggs,jskiggsnt@cmu.edu,+86 (381) 246-4935
Marc Ventris,mventrisnu@skype.com,+63 (906) 612-6671
Frederigo Goldstein,fgoldsteinnv@parallels.com,+62 (721) 793-4286
Mariya Richardsson,mrichardssonnw@bigcartel.com,+967 (686) 814-7305
Constantina Mattityahou,cmattityahounx@addthis.com,+232 (731) 882-1792
Layney Power,lpowerny@scribd.com,+55 (452) 329-1915
Konstance Peasegod,kpeasegodnz@jigsy.com,+54 (859) 808-8725
Val Abrahams,vabrahamso0@phoca.cz,+49 (935) 942-4249
Brunhilda Ottosen,bottoseno1@reverbnation.com,+86 (786) 567-4445
Kristal McQuaker,kmcquakero2@ted.com,+54 (545) 126-4755
Haskel Gehring,hgehringo3@patch.com,+994 (539) 272-9233
Nicola Holleran,nhollerano4@timesonline.co.uk,+54 (104) 118-7262
Charlene Connop,cconnopo5@fda.gov,+86 (120) 529-3940
Seth Carslake,scarslakeo6@marriott.com,+420 (713) 780-4941
Jessica Sedman,jsedmano7@cbsnews.com,+387 (189) 357-2192
Hyacinthia Fereday,hferedayo8@tamu.edu,+81 (702) 882-9548
Isabel Alyonov,ialyonovo9@issuu.com,+386 (472) 413-3910
Joell Wellbeloved,jwellbelovedoa@unblog.fr,+33 (359) 803-1082
Ariana Plume,aplumeob@51.la,+33 (528) 228-5579
Basile Franzoli,bfranzolioc@symantec.com,+1 (520) 960-8085
Phylys Le Franc,pleod@whitehouse.gov,+996 (526) 827-7041
Kellyann Wallwork,kwallworkoe@printfriendly.com,+7 (357) 623-3695
Ruthe Nice,rniceof@quantcast.com,+86 (280) 986-7259
Wainwright Semaine,wsemaineog@archive.org,+86 (500) 626-8116
Barbe McAvin,bmcavinoh@microsoft.com,+358 (401) 389-7471
Jacquenette Dowles,jdowlesoi@i2i.jp,+351 (636) 249-8276
Darb Peers,dpeersoj@tinypic.com,+7 (222) 288-3805
Gale Flockhart,gflockhartok@homestead.com,+234 (944) 160-6905
Ellsworth Elwin,eelwinol@examiner.com,+381 (576) 993-8029
Errick Longthorn,elongthornom@wordpress.com,+46 (534) 196-0885
Timmy Bittleson,tbittlesonon@yandex.ru,+49 (607) 201-7764
Noelyn Camock,ncamockoo@wisc.edu,+62 (522) 476-5149
Maudie Kundt,mkundtop@homestead.com,+63 (882) 904-9821
Warde Sutherel,wsuthereloq@cnn.com,+86 (918) 796-3372
Regen Hefforde,rheffordeor@ed.gov,+86 (765) 392-8242
Thornton Ziemens,tziemensos@whitehouse.gov,+7 (933) 192-9387
Alix Spavon,aspavonot@seattletimes.com,+7 (657) 142-8173
Saidee Ash,sashou@nifty.com,+81 (283) 657-7734
Quinlan Johnston,qjohnstonov@soup.io,+351 (206) 113-7579
Ward Wonfar,wwonfarow@trellian.com,+56 (136) 382-4539
Aurelea Petrolli,apetrolliox@webmd.com,+62 (382) 206-5916
Caralie Probey,cprobeyoy@tripod.com,+62 (469) 525-8514
Clywd Newbegin,cnewbeginoz@netlog.com,+86 (963) 647-2194
Linette Talmadge,ltalmadgep0@springer.com,+383 (334) 329-0685
Regina Cratere,rcraterep1@ucoz.ru,+62 (593) 780-2759
Maddalena Isakov,misakovp2@un.org,+351 (722) 530-4369
Ulrick Loutheane,uloutheanep3@merriam-webster.com,+45 (433) 270-0713
Cyrill Lindborg,clindborgp4@google.com.hk,+63 (644) 921-2380
Tara Dimelow,tdimelowp5@barnesandnoble.com,+46 (536) 247-6247
Quintina Biscomb,qbiscombp6@chronoengine.com,+55 (318) 655-8378
Mercedes Dibner,mdibnerp7@discuz.net,+62 (858) 306-8664
Sherman Haill,shaillp8@unblog.fr,+962 (785) 446-0429
Massimiliano Clements,mclementsp9@imageshack.us,+234 (879) 871-7477
Yevette Mulvagh,ymulvaghpa@bloomberg.com,+55 (559) 558-7887
Margie Saul,msaulpb@ameblo.jp,+62 (803) 332-8529
Kathryn Fallow,kfallowpc@parallels.com,+86 (709) 867-6344
Daffy Plowright,dplowrightpd@opensource.org,+1 (683) 849-1640
Catlee Commander,ccommanderpe@economist.com,+7 (317) 601-0115
Izzy Corkish,icorkishpf@princeton.edu,+7 (367) 673-3349
Pepita Merington,pmeringtonpg@nyu.edu,+62 (178) 148-8368
Meryl Curgenven,mcurgenvenph@meetup.com,+30 (536) 612-8605
Carlynne Knevett,cknevettpi@salon.com,+86 (410) 785-6698
Lethia Miskin,lmiskinpj@senate.gov,+63 (955) 923-4394
Mikaela Ubsdall,mubsdallpk@theglobeandmail.com,+86 (754) 213-1226
Jerrie Bausor,jbausorpl@upenn.edu,+62 (180) 342-5193
Keelia Seath,kseathpm@ed.gov,+7 (645) 440-7026
Brett Anand,banandpn@shinystat.com,+66 (769) 634-2395
Merry Elener,melenerpo@nationalgeographic.com,+245 (757) 385-3790
Jose O'Lennachain,jolennachainpp@msn.com,+27 (144) 505-1941
Ansley Phoenix,aphoenixpq@hugedomains.com,+63 (306) 183-0165
Rowena Wybourne,rwybournepr@freewebs.com,+66 (947) 711-8660
Amara Hugueville,ahuguevilleps@t-online.de,+86 (408) 208-4962
Liam Vedntyev,lvedntyevpt@google.com.br,+355 (627) 867-2939
Rouvin McCarle,rmccarlepu@biglobe.ne.jp,+33 (102) 322-2753
Fionnula Reeme,freemepv@amazon.co.uk,+82 (484) 439-0188
Alfonso Eddowis,aeddowispw@addtoany.com,+86 (880) 988-0534
Cash Barajas,cbarajaspx@msn.com,+57 (251) 158-1496
Elane Braidman,ebraidmanpy@princeton.edu,+86 (710) 367-4173
Chrisse Blackler,cblacklerpz@illinois.edu,+46 (545) 753-4920
Irv Punch,ipunchq0@1688.com,+420 (626) 438-1071
Demott Celler,dcellerq1@wunderground.com,+972 (247) 669-8560
Bryce Milazzo,bmilazzoq2@unc.edu,+506 (506) 775-7730
Ann-marie Hawley,ahawleyq3@fc2.com,+66 (650) 785-1422
Frederik Oswick,foswickq4@google.pl,+86 (282) 491-8975
Drona Seston,dsestonq5@google.ca,+1 (921) 481-5663
Linn Shower,lshowerq6@bloglovin.com,+62 (710) 175-2800
Rebe Verney,rverneyq7@deviantart.com,+86 (526) 796-8722
Shadow Freschi,sfreschiq8@smh.com.au,+976 (507) 232-2684
Anna-diane Mercey,amerceyq9@163.com,+62 (802) 326-2676
Alvis Ruprechter,aruprechterqa@wikipedia.org,+95 (913) 765-3645
August Lusgdin,alusgdinqb@taobao.com,+62 (942) 658-8640
Zaccaria Pilmoor,zpilmoorqc@fotki.com,+30 (155) 463-6771
Catlee Tulley,ctulleyqd@discuz.net,+86 (852) 186-5968
Zackariah Rowlands,zrowlandsqe@google.co.jp,+63 (841) 696-3984
Rochell Akers,rakersqf@technorati.com,+54 (851) 385-7611
Orlan Morville,omorvilleqg@washington.edu,+62 (754) 648-5920
Iago Heinrici,iheinriciqh@bloglovin.com,+1 (913) 487-7659
Beatrix Hughlock,bhughlockqi@about.com,+7 (802) 416-0319
Montague Brokenshaw,mbrokenshawqj@intel.com,+86 (925) 427-3883
Karrie Richardot,krichardotqk@wikipedia.org,+237 (403) 559-8425
Hally Mowson,hmowsonql@github.com,+51 (280) 631-7432
Tiffany Graser,tgraserqm@gnu.org,+62 (739) 915-9509
Waly Ladloe,wladloeqn@telegraph.co.uk,+33 (160) 579-5104
Hieronymus Travers,htraversqo@examiner.com,+30 (539) 433-0219
Claiborne Mettericke,cmetterickeqp@163.com,+373 (819) 115-4283
Bill Pagelsen,bpagelsenqq@opera.com,+60 (367) 610-3638
Rosina Aindriu,raindriuqr@delicious.com,+57 (728) 358-2483
Everett Prandoni,eprandoniqs@xrea.com,+84 (210) 973-2069
Danell Banham,dbanhamqt@nasa.gov,+86 (403) 669-8379
Clarence Aleksic,caleksicqu@parallels.com,+55 (793) 529-4783
Shirlee Burgin,sburginqv@bbc.co.uk,+62 (677) 220-4249
Martie Archbell,marchbellqw@about.com,+63 (739) 241-4218
Lucas Leatham,lleathamqx@sogou.com,+1 (637) 508-0025
Felisha Quinane,fquinaneqy@buzzfeed.com,+63 (857) 107-6533
Cathryn Roughey,crougheyqz@ask.com,+48 (889) 225-7626
Nealy Lavery,nlaveryr0@miibeian.gov.cn,+46 (672) 610-4930
Waylan Chopping,wchoppingr1@seesaa.net,+86 (779) 411-8811
Winonah Fifoot,wfifootr2@vimeo.com,+251 (145) 642-9631
Lanna Larderot,llarderotr3@dailymail.co.uk,+62 (494) 606-0923
Gabriela Offin,goffinr4@shop-pro.jp,+231 (215) 491-4335
Efren Schechter,eschechterr5@eventbrite.com,+86 (523) 975-2919
Nick Templeman,ntemplemanr6@cornell.edu,+48 (414) 755-7289
Meridel Tollerfield,mtollerfieldr7@google.cn,+86 (607) 271-6361
Ruddy Mapledoram,rmapledoramr8@mysql.com,+55 (345) 582-8528
Norry Cota,ncotar9@over-blog.com,+385 (803) 439-7200
Emmalynne Parrott,eparrottra@sitemeter.com,+62 (998) 839-4246
Wilmette Crowley,wcrowleyrb@biglobe.ne.jp,+1 (638) 828-2306
Janette MacAndrew,jmacandrewrc@admin.ch,+63 (805) 122-2406
Courtnay Woolmore,cwoolmorerd@cnbc.com,+92 (338) 190-0817
Carena Woolvin,cwoolvinre@admin.ch,+593 (853) 615-4889
Valaria Chasson,vchassonrf@illinois.edu,+86 (906) 429-9180
Shir Bradder,sbradderrg@amazon.com,+680 (589) 158-9843
Sianna Bread,sbreadrh@printfriendly.com,+86 (705) 622-3778
Paolo Guttridge,pguttridgeri@tripod.com,+52 (587) 309-9687
Neddy Willoughley,nwilloughleyrj@blogtalkradio.com,+380 (351) 272-7528
Natasha Vivien,nvivienrk@tripadvisor.com,+1 (844) 445-4819
Schuyler Defau,sdefaurl@jalbum.net,+55 (812) 513-1081
Antone Kovalski,akovalskirm@nymag.com,+51 (440) 354-4341
Innis Dayton,idaytonrn@sphinn.com,+62 (799) 967-0750
Ignace Colrein,icolreinro@comcast.net,+58 (426) 965-8169
Deidre Ondrus,dondrusrp@gravatar.com,+86 (365) 165-8916
Blair Towle,btowlerq@lulu.com,+86 (145) 576-7301
Bealle Gothrup,bgothruprr@google.com.br,+48 (266) 100-5101
